Raw,space_pos,space_ascii,code,decode,Category,Requires Subject,Pretty
100 Alcohol or drugs,4,TRUE,100,Alcohol or drugs,Driver control,TRUE,had used alcohol or drugs and was impaired
101 Alcohol suspected,4,TRUE,101,Alcohol suspected,Driver control,TRUE,was suspected of being under the influence of alcohol
102 Alcohol test below limit,4,TRUE,102,Alcohol test below limit,Driver control,TRUE,"was tested for alcohol, but found to be below the legal limit"
103 Alcohol test above limit or test refused,4,TRUE,103,Alcohol test above limit or test refused,Driver control,TRUE,was above the legal alcohol limit (or refused the test)
104 Alcohol test result unknown,4,TRUE,104,Alcohol test result unknown,Driver control,TRUE,had an alcohol test but the result is unknown
105 Intoxicated non-driver (pedestrian / cyclist / passenger),4,TRUE,105,Intoxicated non-driver (pedestrian / cyclist / passenger),Driver control,TRUE,was intoxicated (or had an intoxicated passenger)
"106 (MOT only) dead driver not suspect, tested neg",4,TRUE,106,"(MOT only) dead driver not suspect, tested neg",Driver control,TRUE,tested negative for drugs and alcohol
107 Drug test result unknown,4,TRUE,107,Drug test result unknown,Driver control,TRUE,"had a drug test, but the result is unknown"
108 Drugs suspected,4,TRUE,108,Drugs suspected,Driver control,TRUE,is suspected to have been using drugs
109 Drugs proven,4,TRUE,109,Drugs proven,Driver control,TRUE,was impaired by drugs
110 Too fast for conditions,4,TRUE,110,Too fast for conditions,Driver control,TRUE,was driving too fast for the conditions
111 Cornering,4,TRUE,111,Cornering,Driver control,TRUE,lost control travelling too fast while cornering
112 On straight,4,TRUE,112,On straight,Driver control,TRUE,lost control travelling too fast for the conditions on the straight
113 To give way at intersection,4,TRUE,113,To give way at intersection,Driver control,TRUE,was travelling too fast and failed to give way at an intersection
114 Approaching railway crossing,4,TRUE,114,Approaching railway crossing,Driver control,TRUE,failed to give way at a railway crossing
115 When passing stationary school bus,4,TRUE,115,When passing stationary school bus,Driver control,TRUE,lost control when passing a stationary school bus
116 At temporary speed limit,4,TRUE,116,At temporary speed limit,Driver control,TRUE,was travelling in excess of a temporary speed limit
117 At crash or emergency,4,TRUE,117,At crash or emergency,Driver control,TRUE,was travelling too fast past at a crash or emergency
120 Failed to keep left,4,TRUE,120,Failed to keep left,Driver control,TRUE,failed to keep left
121 Swung wide on bend,4,TRUE,121,Swung wide on bend,Driver control,TRUE,failed to keep left and swung wide on a bend
122 Swung wide at intersection,4,TRUE,122,Swung wide at intersection,Driver control,TRUE,failed to keep left and swung wide at an intersection
123 Cutting corner on bend,4,TRUE,123,Cutting corner on bend,Driver control,TRUE,failed to keep left cutting a corner on a bend
124 Cutting corner at intersection,4,TRUE,124,Cutting corner at intersection,Driver control,TRUE,failed to keep left cutting a corner at an intersection
125 On straight section,4,TRUE,125,On straight section,Driver control,TRUE,failed to keep left on a straight section of road
126 Vehicle crossed raised median,4,TRUE,126,Vehicle crossed raised median,Driver control,TRUE,failed to keep left and crossed a raised median
127 Driving or riding abreast (cyclists more than 2 abreast),4,TRUE,127,Driving or riding abreast (cyclists more than 2 abreast),Driver control,TRUE,"failed to keep left, travelling too far abreast of another road user"
128 Wandering or wobbling,4,TRUE,128,Wandering or wobbling,Driver control,TRUE,"failed to keep left, wandering or wobbling"
129 Too far left / right,4,TRUE,129,Too far left / right,Driver control,TRUE,failed to maintain lateral clearance
130 Lost control,4,TRUE,130,Lost control,Driver control,TRUE,lost control
131 When turning,4,TRUE,131,When turning,Driver control,TRUE,lost control when turning
132 Under heavy braking,4,TRUE,132,Under heavy braking,Driver control,TRUE,lost control while breaking heavily
133 Under heavy acceleration,4,TRUE,133,Under heavy acceleration,Driver control,TRUE,lost control accelerating heavily
134 While returning to seal from unsealed shoulder,4,TRUE,134,While returning to seal from unsealed shoulder,Driver control,TRUE,lost control when returning to a sealed road from an unsealed shoulder
135 Due to road conditions (requires road series code),4,TRUE,135,Due to road conditions (requires road series code),Driver control,TRUE,lost control due to road conditions
136 Due to vehicle fault (requires vehicle series code),4,TRUE,136,Due to vehicle fault (requires vehicle series code),Driver control,TRUE,lost control due to a vehicle fault
"137 Avoiding another vehicle, pedestrian, party or obstacle on roadway",4,TRUE,137,"Avoiding another vehicle, pedestrian, party or obstacle on roadway",Driver control,TRUE,"lost control attempting to avoid another vehicle, person or obstacle on the roadway"
138 On unsealed road,4,TRUE,138,On unsealed road,Driver control,TRUE,lost control on an unsealed road
139 End of seal,4,TRUE,139,End of seal,Driver control,TRUE,lost control at the end of a sealed section of road
140 Failed to signal in time,4,TRUE,140,Failed to signal in time,Driver control,TRUE,failed to signal their intended movement in time
"141 When moving to left, pulling over to left",4,TRUE,141,"When moving to left, pulling over to left",Driver control,TRUE,"failed to signal their intended movement, when pulling over to the left"
142 When turning left,4,TRUE,142,When turning left,Driver control,TRUE,"failed to signal their intended movement, when turning left"
143 When pulling out or moving to the right,4,TRUE,143,When pulling out or moving to the right,Driver control,TRUE,"failed to signal their intended movement, when pulling over to the right"
144 When turning right,4,TRUE,144,When turning right,Driver control,TRUE,"failed to signal their intended movement, when turning right"
145 Incorrect Signal,4,TRUE,145,Incorrect Signal,Driver control,TRUE,failed to give the correct signal
150 Overtaking,4,TRUE,150,Overtaking,Driver control,TRUE,lost control while overtaking
151 Overtaking line of traffic or queue,4,TRUE,151,Overtaking line of traffic or queue,Driver control,TRUE,lost control while overtaking a line of traffic
152 Deliberately in the face of oncoming traffic,4,TRUE,152,Deliberately in the face of oncoming traffic,Driver control,TRUE,was overtaking deliberately in the face of oncoming traffic
153 Failed to notice oncoming traffic,4,TRUE,153,Failed to notice oncoming traffic,Driver control,TRUE,was overtaking and failed to notice oncoming traffic
154 Misjudged speed or distance of oncoming traffic,4,TRUE,154,Misjudged speed or distance of oncoming traffic,Driver control,TRUE,"was overtaking and misjudged the speed the oncoming traffic was travelling at, or the distance between them"
155 At no passing line,4,TRUE,155,At no passing line,Driver control,TRUE,was overtaking on a no-passing line
156 With insufficient visibility,4,TRUE,156,With insufficient visibility,Driver control,TRUE,overtook without sufficient visibility
157 At an intersection without due care,4,TRUE,157,At an intersection without due care,Driver control,TRUE,was recklessly overtaking at an intersection
158 On left without due care,4,TRUE,158,On left without due care,Driver control,TRUE,was overtaking on the left without due care
159 Cut in after overtaking,4,TRUE,159,Cut in after overtaking,Driver control,TRUE,cut in suddenly after overtaking
160 Vehicle signalling right turn,4,TRUE,160,Vehicle signalling right turn,Driver control,TRUE,was signalling a right turn
161 Without care at a pedestrian crossing,4,TRUE,161,Without care at a pedestrian crossing,Driver control,TRUE,was signalling a right turn without care at a pedestrian crossing
170 Wrong lane or turned from wrong position,4,TRUE,170,Wrong lane or turned from wrong position,Driver control,TRUE,turned from the wrong lane or position
171 Turned right from incorrect lane,4,TRUE,171,Turned right from incorrect lane,Driver control,TRUE,turned right from the incorrect lane
172 Turned left from incorrect lane,4,TRUE,172,Turned left from incorrect lane,Driver control,TRUE,turned left from the incorrect lane
173 Travelled straight ahead from turning lane or flush median,4,TRUE,173,Travelled straight ahead from turning lane or flush median,Driver control,TRUE,"travelled straight ahead when they should not have been, from a turning lane or flush median"
174 Turned right from left side of road,4,TRUE,174,Turned right from left side of road,Driver control,TRUE,was turning right from the left-hand side of the road
175 Turned left from near centre line,4,TRUE,175,Turned left from near centre line,Driver control,TRUE,turned left from near the centreline
176 Turned into incorrect lane,4,TRUE,176,Turned into incorrect lane,Driver control,TRUE,turned into the incorrect lane
177 Weaving or cut in on multi-lane roads,4,TRUE,177,Weaving or cut in on multi-lane roads,Driver control,TRUE,was weaving in and out or cut in on a multi-lane road
178 Moved left to avoid slow vehicle,4,TRUE,178,Moved left to avoid slow vehicle,Driver control,TRUE,moved left to avoid a slow vehicle
179 Long vehicle tracked outside lane,4,TRUE,179,Long vehicle tracked outside lane,Driver control,TRUE,was controlling a long vehicle and it was tracking the outside lane
180 In line of traffic,4,TRUE,180,In line of traffic,Driver control,TRUE,lost control in line of traffic
181 Following too closely,4,TRUE,181,Following too closely,Driver control,TRUE,was following too closely to the vehicle in front
182 Travelling unreasonably slowly,4,TRUE,182,Travelling unreasonably slowly,Driver control,TRUE,was travelling unreasonably slowly
183 Motorist crowded cyclist,4,TRUE,183,Motorist crowded cyclist,Driver control,TRUE,failed to give a cyclist at least 1.5m of space
184 Incorrect merging /diverging manoeuvre,4,TRUE,184,Incorrect merging /diverging manoeuvre,Driver control,TRUE,did not merge or diverge correctly
190 Sudden action,4,TRUE,190,Sudden action,Driver control,TRUE,made a sudden action
191 Braked,4,TRUE,191,Braked,Driver control,TRUE,braked suddenly
192 Turned left,4,TRUE,192,Turned left,Driver control,TRUE,turned left suddenly
193 Turned right,4,TRUE,193,Turned right,Driver control,TRUE,turned right suddenly
194 Swerved to avoid pedestrian,4,TRUE,194,Swerved to avoid pedestrian,Driver control,TRUE,suddenly swerved in order to avoid a pedestrian
195 Swerved to avoid animal,4,TRUE,195,Swerved to avoid animal,Driver control,TRUE,swerved suddenly in order to avoid an animal
196 Swerved to avoid crash or broken down vehicle,4,TRUE,196,Swerved to avoid crash or broken down vehicle,Driver control,TRUE,swerved suddenly to avoid an accident or broken-down vehicle
197 Swerved to avoid vehicle,4,TRUE,197,Swerved to avoid vehicle,Driver control,TRUE,suddenly swerved to avoid a vehicle
198 Swerved to avoid object or for unknown reason,4,TRUE,198,Swerved to avoid object or for unknown reason,Driver control,TRUE,swerved to avoid an object (for an unknown reason)
199 Avoiding approaching emergency vehicle,4,TRUE,199,Avoiding approaching emergency vehicle,Driver control,TRUE,swerved to avoid an oncoming emergency vehicle
200 Forbidden movements,4,TRUE,200,Forbidden movements,Driver control,TRUE,made a forbidden movement
"201 Wrong way in one way street, motorway or roundabout",4,TRUE,201,"Wrong way in one way street, motorway or roundabout",Driver control,TRUE,was travelling the wrong way
202 When turning or U turning contrary to a sign,4,TRUE,202,When turning or U turning contrary to a sign,Driver control,TRUE,performed a U turn when it was prohibited
203 Contrary to ‘in’ or ‘out’ only driveway sign,4,TRUE,203,Contrary to ‘in’ or ‘out’ only driveway sign,Driver control,TRUE,entered (exited) through an exit (entry)
204 Driving or riding on footpath,4,TRUE,204,Driving or riding on footpath,Driver control,TRUE,was driving or riding on the footpath
"205 On incorrect side of road, island or median",4,TRUE,205,"On incorrect side of road, island or median",Driver control,TRUE,was on the wrong side of the road
206 Contrary to no entry sign,4,TRUE,206,Contrary to no entry sign,Driver control,TRUE,ignored a 'no entry' sign
207 In Car Park,4,TRUE,207,In Car Park,Driver control,TRUE,made a forbidden movement in a car park
208 Motor vehicle in cycle lane,4,TRUE,208,Motor vehicle in cycle lane,Driver control,TRUE,was travelling in the cycle lane
209 Bus / Transit lane,4,TRUE,209,Bus / Transit lane,Driver control,TRUE,was travelling in the bus/transit lane when they were not entitled to
210 Cyclist riding on ped-xing / ped signals,4,TRUE,210,Cyclist riding on ped-xing / ped signals,Driver control,TRUE,road their bicycle across a pedestrian crossing (or with the pedestrian signal)
300 Failed to give way,4,TRUE,300,Failed to give way,Vehicle conflicts,TRUE,failed to give way
301 At Stop sign,4,TRUE,301,At Stop sign,Vehicle conflicts,TRUE,failed to give way at a stop sign
302 At Give Way sign,4,TRUE,302,At Give Way sign,Vehicle conflicts,TRUE,did not give way at a controlled intersection
303 When turning to non-turning traffic,4,TRUE,303,When turning to non-turning traffic,Vehicle conflicts,TRUE,did not give way when turning into non-turning traffic
"304 When deemed turning by markings, not geometry",4,TRUE,304,"When deemed turning by markings, not geometry",Vehicle conflicts,TRUE,did not give way when deemed turning by markings (not geom
"305 When turning left, to opposing right turning traffic (NOT for crashes occurring after 5am 25th March 2012)",4,TRUE,305,"When turning left, to opposing right turning traffic (NOT for crashes occurring after 5am 25th March 2012)",Vehicle conflicts,TRUE,did not give way turning left (under the road rules used prior to 5am 25 March 2014)
306 To pedestrian on a crossing,4,TRUE,306,To pedestrian on a crossing,Vehicle conflicts,TRUE,did not stop for a pedestrian on a crossing
307 When turning at signals to pedestrians,4,TRUE,307,When turning at signals to pedestrians,Vehicle conflicts,TRUE,did not give way to pedestrians walking on the pedestrian phase
308 When entering roadway from driveway,4,TRUE,308,When entering roadway from driveway,Vehicle conflicts,TRUE,did not give way when entering a road from a driveway
309 To traffic approaching or crossing from the right,4,TRUE,309,To traffic approaching or crossing from the right,Vehicle conflicts,TRUE,did not give way to traffic coming from the right-hand side
310 Failed to give way at one lane bridge / road,4,TRUE,310,Failed to give way at one lane bridge / road,Vehicle conflicts,TRUE,failed to yield on a one lane bridge or road
311 Failed to give way to pedestrian on footpath or verge,4,TRUE,311,Failed to give way to pedestrian on footpath or verge,Vehicle conflicts,TRUE,did not give way to a pedestrian on the footpath or verge
312 Entering roadway not from driveway or intersection,4,TRUE,312,Entering roadway not from driveway or intersection,Vehicle conflicts,TRUE,was entering the roadway from something other than a driveway or intersection and did not give way
313 To emergency vehicle,4,TRUE,313,To emergency vehicle,Vehicle conflicts,TRUE,did not give precedence to an emergency vehicle
314 Driver waved through,4,TRUE,314,Driver waved through,Vehicle conflicts,TRUE,failed to give way (waved through)
315 When turning right to opposing left turning traffic (for crashes occurring after 5am 25th March 2012),4,TRUE,315,When turning right to opposing left turning traffic (for crashes occurring after 5am 25th March 2012),Vehicle conflicts,TRUE,did not give way when turning right to opposing left-turning traffic (under the road rules used prior to 5am 25 March 2014)
316 To traffic approaching or crossing from the left. (for crashes occurring after 5am 25th March 2012),4,TRUE,316,To traffic approaching or crossing from the left. (for crashes occurring after 5am 25th March 2012),Vehicle conflicts,TRUE,did not give way to approaching traffic or traffic turning from the left (under the road rules used prior to 5am 25 March 2014)
320 Did not stop,4,TRUE,320,Did not stop,Vehicle conflicts,TRUE,did not stop
321 At stop sign,4,TRUE,321,At stop sign,Vehicle conflicts,TRUE,did not stop at a stop sign
322 At steady red light,4,TRUE,322,At steady red light,Vehicle conflicts,TRUE,ran a red light
323 At steady red arrow,4,TRUE,323,At steady red arrow,Vehicle conflicts,TRUE,ignored a red turning arrow
324 At steady amber light,4,TRUE,324,At steady amber light,Vehicle conflicts,TRUE,ignored a steady amber light
325 At steady amber arrow,4,TRUE,325,At steady amber arrow,Vehicle conflicts,TRUE,ignored an amber arrow
"326 At flashing red lights (Rail Xing, Fire Stn etc)",4,TRUE,326,"At flashing red lights (Rail Xing, Fire Stn etc)",Vehicle conflicts,TRUE,did not stop at flashing red lights
327 For police or flag-person,4,TRUE,327,For police or flag-person,Vehicle conflicts,TRUE,did not stop for police or for a flag-person
328 For school patrol / kea crossing,4,TRUE,328,For school patrol / kea crossing,Vehicle conflicts,TRUE,did not stop for a school patrol or at a kea crossing
330 Inattentive: failed to notice,4,TRUE,330,Inattentive: failed to notice,Vehicle conflicts,TRUE,was inattentive
"331 Vehicle slowing, stopping or stationary in front",4,TRUE,331,"Vehicle slowing, stopping or stationary in front",Vehicle conflicts,TRUE,did not notice a stationary or slowing vehicle in front
332 Bend in road,4,TRUE,332,Bend in road,Vehicle conflicts,TRUE,did not notice a bend in the road
333 Indication of vehicle in front,4,TRUE,333,Indication of vehicle in front,Vehicle conflicts,TRUE,did not notice the indication of the vehicle in front
334 Traffic lights,4,TRUE,334,Traffic lights,Vehicle conflicts,TRUE,did not notice the traffic lights
335 Intersection or its Stop / Give Way control,4,TRUE,335,Intersection or its Stop / Give Way control,Vehicle conflicts,TRUE,did not notice an intersection or its stop/give way control
336 Other regulatory sign / markings,4,TRUE,336,Other regulatory sign / markings,Vehicle conflicts,TRUE,did not notice a sign or road marking
337 Warning sign,4,TRUE,337,Warning sign,Vehicle conflicts,TRUE,did not notice a warning sign
"338 Direction, information signs / markings",4,TRUE,338,"Direction, information signs / markings",Vehicle conflicts,TRUE,did not notice a direction or information sign or marking
339 Road-works signs,4,TRUE,339,Road-works signs,Vehicle conflicts,TRUE,did not notice road works signs
340 Lane use arrows / markings?,4,TRUE,340,Lane use arrows / markings?,Vehicle conflicts,TRUE,did not notice lane use arrows
341 Obstructions on Roadway,4,TRUE,341,Obstructions on Roadway,Vehicle conflicts,TRUE,did not notice an obstruction
350 Attention diverted by:,4,TRUE,350,Attention diverted by:,Vehicle conflicts,TRUE,had their attention diverted
351 Passengers,4,TRUE,351,Passengers,Vehicle conflicts,TRUE,had their attention diverted by their passengers
352 Scenery or persons outside vehicle,4,TRUE,352,Scenery or persons outside vehicle,Vehicle conflicts,TRUE,was distracted by scenery or by people outside of the vehicle
353 Other traffic,4,TRUE,353,Other traffic,Vehicle conflicts,TRUE,was distracted by other traffic
354 Animal or insect in vehicle,4,TRUE,354,Animal or insect in vehicle,Vehicle conflicts,TRUE,had their attention diverted by an animal or insect in the vehicle
"355 Trying to find intersection, house number, destination",4,TRUE,355,"Trying to find intersection, house number, destination",Vehicle conflicts,TRUE,"was distracted because they were trying to find an intersection, house number or their destination"
356 Advertising or signs,4,TRUE,356,Advertising or signs,Vehicle conflicts,TRUE,was distracted by advertising or signs
357 Emotionally upset /road rage,4,TRUE,357,Emotionally upset /road rage,Vehicle conflicts,TRUE,had road rage
"358 Cigarette, radio, heater, AC, glove box, obj under drivers feet/pedals etc",4,TRUE,358,"Cigarette, radio, heater, AC, glove box, obj under drivers feet/pedals etc",Vehicle conflicts,TRUE,was distracted by a cigarette/radio/heater/AC/glove box/object under their feet/etc.
359 Cell phone,4,TRUE,359,Cell phone,Vehicle conflicts,TRUE,was on their cellphone
360 NULL,4,TRUE,360,NULL,Vehicle conflicts,FALSE,FALSE
361 Navigation device,4,TRUE,361,Navigation device,Vehicle conflicts,TRUE,was distracted by a navigation device
362 CB radio/ non cell comms device,4,TRUE,362,CB radio/ non cell comms device,Vehicle conflicts,TRUE,was distracted by a radio communications device
363 Driver dazzled,4,TRUE,363,Driver dazzled,Vehicle conflicts,TRUE,was dazzled
370 Did not see or look for another party until too late,4,TRUE,370,Did not see or look for another party until too late,Vehicle conflicts,TRUE,did not see or look for another party until it was too late
371 Behind when reversing / manoeuvring,4,TRUE,371,Behind when reversing / manoeuvring,Vehicle conflicts,TRUE,was not watching behind when reversing
372 Behind when changing lanes position or direction (includes U-turns),4,TRUE,372,Behind when changing lanes position or direction (includes U-turns),Vehicle conflicts,TRUE,did not check their blindspot when changing lanes or making a U turn
373 Behind when pulling out from parked position,4,TRUE,373,Behind when pulling out from parked position,Vehicle conflicts,TRUE,did not check their blindspot when pulling out from a park
374 Behind when opening door or leaving vehicle,4,TRUE,374,Behind when opening door or leaving vehicle,Vehicle conflicts,TRUE,did not check their blindspot when opening a door or leaving their vehicle
375 When required to give way to traffic from another direction,4,TRUE,375,When required to give way to traffic from another direction,Vehicle conflicts,TRUE,did not check for traffic coming from another direction when required to give  way
376 When required to give way to pedestrians.,4,TRUE,376,When required to give way to pedestrians.,Vehicle conflicts,TRUE,did not check for pedestrians when required to give way to them
377 When visibility obstructed by other vehicles,4,TRUE,377,When visibility obstructed by other vehicles,Vehicle conflicts,TRUE,had their visibility obstructed by other vehicles
378 When visibility limited by roadside features,4,TRUE,378,When visibility limited by roadside features,Vehicle conflicts,TRUE,had their visibility obstructed by roadside features
379 When first in queue on receiving green light,4,TRUE,379,When first in queue on receiving green light,Vehicle conflicts,TRUE,did not check for oncoming traffic when first in a queue and receiving the green light
"380 Misjudged speed, distance, size or position of:",4,TRUE,380,"Misjudged speed, distance, size or position of:",Vehicle conflicts,TRUE,"misjudged the speed, distance, size and/or position of another party"
381 Other vehicle coming from behind or alongside,4,TRUE,381,Other vehicle coming from behind or alongside,Vehicle conflicts,TRUE,"misjudged the speed, distance, size and/or position of a vehicle coming from behind or alongside"
382 Other vehicle coming from another direction with right of way,4,TRUE,382,Other vehicle coming from another direction with right of way,Vehicle conflicts,TRUE,"misjudged the speed, distance, size and/or position of another vehicle coming from another direction and who had right of way"
383 Pedestrian movement or intention,4,TRUE,383,Pedestrian movement or intention,Vehicle conflicts,TRUE,misjudged the movement or intention of a pedestrian
"384 Towed vehicle, or while towing a vehicle",4,TRUE,384,"Towed vehicle, or while towing a vehicle",Vehicle conflicts,TRUE,"misjudged the speed, distance, size and/or position of a towed vehicle, or of their own vehicle while towing something"
385 Size or position of fixed object or obstacle,4,TRUE,385,Size or position of fixed object or obstacle,Vehicle conflicts,TRUE,"misjudged the speed, distance, size and/or position of an obstacle"
386 Of own vehicle,4,TRUE,386,Of own vehicle,Vehicle conflicts,TRUE,"misjudged the speed, distance, size and/or position of their own vehicle"
387 Misjudged intentions of another party,4,TRUE,387,Misjudged intentions of another party,Vehicle conflicts,TRUE,misjudged the intentions of another party
400 Inexperience,4,TRUE,400,Inexperience,General driver,TRUE,was inexperienced
"401 In driving in fast, complex or heavy traffic",4,TRUE,401,"In driving in fast, complex or heavy traffic",General driver,TRUE,"was inexperienced at driving in fast, complex or heavy traffic"
402 New driver showed inexperience,4,TRUE,402,New driver showed inexperience,General driver,TRUE,was new to driving
403 Driving unfamiliar vehicle,4,TRUE,403,Driving unfamiliar vehicle,General driver,TRUE,was driving an unfamiliar vehicle
404 Overseas / migrant driver fails to adjust to NZ road rules and road conditions,4,TRUE,404,Overseas / migrant driver fails to adjust to NZ road rules and road conditions,General driver,TRUE,was an international visitor or recent migrant and failed to adjust to NZ's road rules and conditions
405 Driver under instruction,4,TRUE,405,Driver under instruction,General driver,TRUE,was an inexperienced driving under instruction
406 At towing trailer / other vehicle,4,TRUE,406,At towing trailer / other vehicle,General driver,TRUE,was inexperienced at towing a trailer or other vehicle
407 Driver over-reacted,4,TRUE,407,Driver over-reacted,General driver,TRUE,was inexperienced and over-reacted
408 Unsupervised cyclist,4,TRUE,408,Unsupervised cyclist,General driver,TRUE,was an unsupervised child cyclist
"410 Fatigue (drowsy, tired, fell asleep)",4,TRUE,410,"Fatigue (drowsy, tired, fell asleep)",General driver,TRUE,"was fatigued, drowsy, or fell asleep at the wheel"
411 Long trip,4,TRUE,411,Long trip,General driver,TRUE,"was fatigued, drowsy, or fell asleep at the wheel due to a long trip"
412 Lack of sleep,4,TRUE,412,Lack of sleep,General driver,TRUE,"was fatigued, drowsy, or fell asleep at the wheel due to a lack of sleep"
413 Exhaust fumes,4,TRUE,413,Exhaust fumes,General driver,TRUE,"was fatigued, drowsy, or fell asleep at the wheel due to breathing in exhaust  fumes"
414 Worked long hours before driving,4,TRUE,414,Worked long hours before driving,General driver,TRUE,"was fatigued, drowsy, or fell asleep at the wheel because they had just worked for a long period of time"
415 Exceeded driving hours,4,TRUE,415,Exceeded driving hours,General driver,TRUE,"was fatigued, drowsy, or fell asleep at the wheel because they exceeded their driving hours"
420 Incorrect use of vehicle controls,4,TRUE,420,Incorrect use of vehicle controls,General driver,TRUE,used vehicle controls incorrectly
421 Started in gear,4,TRUE,421,Started in gear,General driver,TRUE,started their car in gear
422 Stalled engine,4,TRUE,422,Stalled engine,General driver,TRUE,stalled their engine
423 Wrong pedal,4,TRUE,423,Wrong pedal,General driver,TRUE,pressed on the wrong pedal
"424 Footrest, stand",4,TRUE,424,"Footrest, stand",General driver,TRUE,used their footrest incorrectly
425 Ignition turned off (steering locked),4,TRUE,425,Ignition turned off (steering locked),General driver,TRUE,"saw their ignition turn off, and the steering locked"
426 Lights not switched on,4,TRUE,426,Lights not switched on,General driver,TRUE,did not have their lights on
427 Foot slipped or caught under pedal,4,TRUE,427,Foot slipped or caught under pedal,General driver,TRUE,had their foot slip or catch under the pedal
428 Parking brake not fully applied,4,TRUE,428,Parking brake not fully applied,General driver,TRUE,did not fully apply their parking brake
429 Trailer coupling or safety chain not secured,4,TRUE,429,Trailer coupling or safety chain not secured,General driver,TRUE,did not secure their trailer coupling or safety chain
430 Showing off,4,TRUE,430,Showing off,General driver,TRUE,was showing off
431 Racing,4,TRUE,431,Racing,General driver,TRUE,was racing
432 Playing chicken,4,TRUE,432,Playing chicken,General driver,TRUE,was playing chicken
433 Wheel spins / wheelies / doughnuts / drifting,4,TRUE,433,Wheel spins / wheelies / doughnuts / drifting,General driver,TRUE,was drifting or doing wheel spins
434 Intimidating driving,4,TRUE,434,Intimidating driving,General driver,TRUE,was driving intimidatingly
440 Parked or stopped,4,TRUE,440,Parked or stopped,General driver,TRUE,was parked or stopped
441 Inadequately lit at night: (not lit by street lights or park lights off),4,TRUE,441,Inadequately lit at night: (not lit by street lights or park lights off),General driver,TRUE,was parked or stopped in an inadequately lit street or carpark
442 At point of limited visibility,4,TRUE,442,At point of limited visibility,General driver,TRUE,parked or stopped at a point of limited visibility
443 Not as close as practicable to side of road,4,TRUE,443,Not as close as practicable to side of road,General driver,TRUE,did not park or stop as close as practicable to the side of the road
444 On incorrect side of road,4,TRUE,444,On incorrect side of road,General driver,TRUE,parked or stopped on the wrong side of the road
445 Double parked,4,TRUE,445,Double parked,General driver,TRUE,was double parked
446 In 'No Stopping' area,4,TRUE,446,In 'No Stopping' area,General driver,TRUE,parked or stopped in a no stopping area
447 Not clear of rail crossing,4,TRUE,447,Not clear of rail crossing,General driver,TRUE,did not stop clear of a rail crossing
448 In cycle or Transit lane,4,TRUE,448,In cycle or Transit lane,General driver,TRUE,parked or stopped in a bike or bus/transit lane
500 Illness and disability,4,TRUE,500,Illness and disability,General person,TRUE,had an illness or disability that affected their ability to drive safely
"501 Illness with no warning (e.g. heart attack, unexpected epilepsy)",4,TRUE,501,"Illness with no warning (e.g. heart attack, unexpected epilepsy)",General person,TRUE,"suffered a sudden medical emergency (heart attack, epilepsy, etc.)"
502 Physically disabled,4,TRUE,502,Physically disabled,General person,TRUE,was physically disabled
503 Defective vision,4,TRUE,503,Defective vision,General person,TRUE,had defective vision
"504 Medical illness (not sudden) flu, diabetes",4,TRUE,504,"Medical illness (not sudden) flu, diabetes",General person,TRUE,"had a (not sudden) medical illness (influenza, diabetes, etc.)"
"505 Mental illness (depression, psychosis)",4,TRUE,505,"Mental illness (depression, psychosis)",General person,TRUE,"suffered from a mental illness (depression, psychosis, etc.)"
506 Suicidal (but not successful),4,TRUE,506,Suicidal (but not successful),General person,TRUE,was attempting suicide
507 Impaired ability due to old age,4,TRUE,507,Impaired ability due to old age,General person,TRUE,was elderly
510 Intentional or criminal,4,TRUE,510,Intentional or criminal,General person,TRUE,intentionally or criminally caused the collision
511 Deliberate homicide (only if succeeded),4,TRUE,511,Deliberate homicide (only if succeeded),General person,TRUE,committed homicide
512 Intentional collision,4,TRUE,512,Intentional collision,General person,TRUE,intentionally caused the collision
513 Committed suicide (only if succeeded),4,TRUE,513,Committed suicide (only if succeeded),General person,TRUE,committed suicide
514 Evading enforcement,4,TRUE,514,Evading enforcement,General person,TRUE,was evading police
515 Object deliberately thrown at or dropped on vehicle / shot at,4,TRUE,515,Object deliberately thrown at or dropped on vehicle / shot at,General person,TRUE,"had an object deliberately thrown at or dropped on them, or was shot at"
516 Object thrown from vehicle,4,TRUE,516,Object thrown from vehicle,General person,TRUE,"deliberately threw an object from the vehicle, or one of their passengers did"
517 Stolen vehicle,4,TRUE,517,Stolen vehicle,General person,TRUE,was driving a stolen car
"520 Driver or passenger, boarding, leaving, in vehicle",4,TRUE,520,"Driver or passenger, boarding, leaving, in vehicle",General person,TRUE,"had a passenger boarding or leaving the vehicle, or someone was unsafely travelling in the moving vehicle"
521 Boarding moving vehicle,4,TRUE,521,Boarding moving vehicle,General person,TRUE,had someone attempting to board their moving vehicle
522 Intentionally leaving moving vehicle,4,TRUE,522,Intentionally leaving moving vehicle,General person,TRUE,had someone intentionally leaving their moving vehicle
523 Riding in insecure position,4,TRUE,523,Riding in insecure position,General person,TRUE,had someone riding in an insecure position
524 Interfered with driver,4,TRUE,524,Interfered with driver,General person,TRUE,had a passenger interfere with their control
525 Opened door inadvertently,4,TRUE,525,Opened door inadvertently,General person,TRUE,had a door opened inadvertently
526 Overloaded vehicle (with passengers),4,TRUE,526,Overloaded vehicle (with passengers),General person,TRUE,had too many passengers
527 Child playing in parked vehicle,4,TRUE,527,Child playing in parked vehicle,General person,TRUE,had a child playing in the parked vehicle
530 Miscellaneous person,4,TRUE,530,Miscellaneous person,General person,TRUE,performed a miscellaneous action that contributed to the accident or to an injury
531 Casualty drowned,4,TRUE,531,Casualty drowned,General person,TRUE,(or one or more of their passengers) drowned
532 Casualty thrown from vehicle,4,TRUE,532,Casualty thrown from vehicle,General person,TRUE,(or one or more of their passengers) was thrown from the vehicle
533 Equestrian not keeping to verge,4,TRUE,533,Equestrian not keeping to verge,General person,TRUE,did not keep to the verge
534 Cyclist or M/cyclist wearing dark clothing,4,TRUE,534,Cyclist or M/cyclist wearing dark clothing,General person,TRUE,was wearing dark clothing
600 Lights and reflectors at fault or dirty,4,TRUE,600,Lights and reflectors at fault or dirty,Vehicles,TRUE,had faulty or dirty lights and/or reflectors
601 Dazzling headlights,4,TRUE,601,Dazzling headlights,Vehicles,TRUE,had dazzling headlights
602 Headlights inadequate or no headlights,4,TRUE,602,Headlights inadequate or no headlights,Vehicles,TRUE,had inadequate or no headlights
603 Headlights failed suddenly,4,TRUE,603,Headlights failed suddenly,Vehicles,TRUE,had sudden headlight failure
604 Brake-lights or indicators faulty or not fitted,4,TRUE,604,Brake-lights or indicators faulty or not fitted,Vehicles,TRUE,had faulty or absent brake lights or indicators
605 Tail-lights inadequate or no tail-lights,4,TRUE,605,Tail-lights inadequate or no tail-lights,Vehicles,TRUE,had inadequate or absent tail lights
606 Reflectors inadequate or no reflectors,4,TRUE,606,Reflectors inadequate or no reflectors,Vehicles,TRUE,had inadequate or no reflectors
607 Lights or reflectors obscured,4,TRUE,607,Lights or reflectors obscured,Vehicles,TRUE,had obscured lights or reflectors
610 Brakes,4,TRUE,610,Brakes,Vehicles,TRUE,had an issue with their brakes
611 Parking brake failed,4,TRUE,611,Parking brake failed,Vehicles,TRUE,had parking brake failure
612 Parking brake defective,4,TRUE,612,Parking brake defective,Vehicles,TRUE,had a defective parking brake
613 Service brake failed,4,TRUE,613,Service brake failed,Vehicles,TRUE,had service brake failure
614 Service brake defective,4,TRUE,614,Service brake defective,Vehicles,TRUE,had a defective service brake
615 Jack-knifed,4,TRUE,615,Jack-knifed,Vehicles,TRUE,jack-knifed their vehicle
620 Steering,4,TRUE,620,Steering,Vehicles,TRUE,had an issue with their steering
621 Defective,4,TRUE,621,Defective,Vehicles,TRUE,had defective steering controls
622 Failed suddenly,4,TRUE,622,Failed suddenly,Vehicles,TRUE,had sudden steering failure
630 Tyres,4,TRUE,630,Tyres,Vehicles,TRUE,had an issue with their tyres
631 Puncture or blow-out,4,TRUE,631,Puncture or blow-out,Vehicles,TRUE,suffered a puncture or blow-out
632 Worn tread on tyre,4,TRUE,632,Worn tread on tyre,Vehicles,TRUE,had worn tread on their tyre
633 Incorrect tyre type,4,TRUE,633,Incorrect tyre type,Vehicles,TRUE,was using the incorrect tyre type for their vehicle
634 Mixed treads / space savers,4,TRUE,634,Mixed treads / space savers,Vehicles,TRUE,"was using a space saver tyre, or mixed tread"
640 Windscreen or mirror,4,TRUE,640,Windscreen or mirror,Vehicles,TRUE,had an issue with their windscreen or a mirror
641 Shattered windscreen,4,TRUE,641,Shattered windscreen,Vehicles,TRUE,had a shattered windscreen
642 Windscreen or rear window dirty,4,TRUE,642,Windscreen or rear window dirty,Vehicles,TRUE,had a dirty windscreen or rear window
643 Rear vision mirror not adjusted correctly,4,TRUE,643,Rear vision mirror not adjusted correctly,Vehicles,TRUE,had not correctly adjusted their rear vision mirror
644 No rear vision mirror,4,TRUE,644,No rear vision mirror,Vehicles,TRUE,did not have a rear vision mirror
645 Windscreen or rear window misted/frosted,4,TRUE,645,Windscreen or rear window misted/frosted,Vehicles,TRUE,had a misted/frosted windscreen or rear vision mirror
646 Inadequate or no sun-visors,4,TRUE,646,Inadequate or no sun-visors,Vehicles,TRUE,had inadequate or no sun visors
647 Inadequate or no windscreen wipers,4,TRUE,647,Inadequate or no windscreen wipers,Vehicles,TRUE,lacked or had inadequate windscreen wipers
"648 Cycle / Motorcycle visor, glasses, goggles or screen",4,TRUE,648,"Cycle / Motorcycle visor, glasses, goggles or screen",Vehicles,TRUE,"had an issue with their visor, glasses, goggles, or screen"
650 Mechanical,4,TRUE,650,Mechanical,Vehicles,TRUE,faced a mechanical issue
651 Engine failure,4,TRUE,651,Engine failure,Vehicles,TRUE,suffered engine failure
652 Transmission failure (including chains and gears),4,TRUE,652,Transmission failure (including chains and gears),Vehicles,TRUE,experienced transmission failure
653 Accelerator or throttle jammed,4,TRUE,653,Accelerator or throttle jammed,Vehicles,TRUE,had a jammed accelerator or throttle
660 Body or chassis,4,TRUE,660,Body or chassis,Vehicles,TRUE,had an issue with the body or chassis of their vehicle
"661 Body, chassis or frame (cycle, m/c) failure",4,TRUE,661,"Body, chassis or frame (cycle, m/c) failure",Vehicles,TRUE,"had a failure of their vehicle's body, chassis or frame"
662 Suspension failure,4,TRUE,662,Suspension failure,Vehicles,TRUE,had suspension failure
663 Failure of door catch or door not shut,4,TRUE,663,Failure of door catch or door not shut,Vehicles,TRUE,had a faulty door catch or their door was not shut properly
664 Inadequate mudguards,4,TRUE,664,Inadequate mudguards,Vehicles,TRUE,was using inadequate mudguards
665 Inadequate tow coupling,4,TRUE,665,Inadequate tow coupling,Vehicles,TRUE,had an inadequate tow coupling
666 Inadequate or no safety chain,4,TRUE,666,Inadequate or no safety chain,Vehicles,TRUE,had an inadequate (or lacked a) safety chain
667 Bonnet catch failed,4,TRUE,667,Bonnet catch failed,Vehicles,TRUE,had their bonnet catch fail
668 Wheel off,4,TRUE,668,Wheel off,Vehicles,TRUE,had a wheel come off
669 Broken axle,4,TRUE,669,Broken axle,Vehicles,TRUE,had a broken axle
670 Inconspicuous colour,4,TRUE,670,Inconspicuous colour,Vehicles,TRUE,had a vehicle of inconspicuous colour
671 Blind spot,4,TRUE,671,Blind spot,Vehicles,TRUE,had a significant blind spot
672 Seat belt / restraint failed,4,TRUE,672,Seat belt / restraint failed,Vehicles,TRUE,had their seatbelt or restraint fail
673 Air-bag failed to inflate (fully),4,TRUE,673,Air-bag failed to inflate (fully),Vehicles,TRUE,had an airbag that failed to fully inflate
680 Load,4,TRUE,680,Load,Vehicles,TRUE,had a dangerous load
681 Load interferes with driver,4,TRUE,681,Load interferes with driver,Vehicles,TRUE,had an interfering load
682 Not well secured or load moved,4,TRUE,682,Not well secured or load moved,Vehicles,TRUE,had a load that was not well secured or that moved
683 Over-hanging,4,TRUE,683,Over-hanging,Vehicles,TRUE,had an overhanging load
684 Load obscured vision,4,TRUE,684,Load obscured vision,Vehicles,TRUE,had a load obscuring their vision
685 Excess dimensions not adequately indicated,4,TRUE,685,Excess dimensions not adequately indicated,Vehicles,TRUE,had an overhanging load whose dimensions were not adequately indicated
686 Over dimension vehicle or load,4,TRUE,686,Over dimension vehicle or load,Vehicles,TRUE,had an oversize vehicle (or their load was)
687 Load too heavy,4,TRUE,687,Load too heavy,Vehicles,TRUE,was carrying a load that was too heavy
688 Towed vehicle or trailer too heavy or incompatible,4,TRUE,688,Towed vehicle or trailer too heavy or incompatible,Vehicles,TRUE,was towing a vehicle or trailer that was too heavy or incompatible
690 Miscellaneous vehicle,4,TRUE,690,Miscellaneous vehicle,Vehicles,TRUE,had a miscellaneous vehicle issue
691 Emergency Vehicle attending emergency,4,TRUE,691,Emergency Vehicle attending emergency,Vehicles,TRUE,was an emergency vehicle attending an emergency
692 Vehicle caught fire,4,TRUE,692,Vehicle caught fire,Vehicles,TRUE,had their vehicle catch fire
693 Being towed,4,TRUE,693,Being towed,Vehicles,TRUE,was being towed
694 Air-bag contributed to crash or injury,4,TRUE,694,Air-bag contributed to crash or injury,Vehicles,TRUE,had a faulty airbag which contributed to the crash or to an injury
695 Seatbelt / restraint absent or unusable,4,TRUE,695,Seatbelt / restraint absent or unusable,Vehicles,TRUE,did not have a seatbelt
696 Dangerous goods,4,TRUE,696,Dangerous goods,Vehicles,TRUE,was carrying dangerous goods
700 Walking along road,4,TRUE,700,Walking along road,Pedestrian,TRUE,was walking along the road
701 Not keeping to footpath,4,TRUE,701,Not keeping to footpath,Pedestrian,TRUE,did not keep to the footpath
702 Not keeping to side of road,4,TRUE,702,Not keeping to side of road,Pedestrian,TRUE,did not keep to the side of the road
703 Not facing oncoming traffic,4,TRUE,703,Not facing oncoming traffic,Pedestrian,TRUE,was walking along the road not facing oncoming traffic
704 Not on outside of blind curve,4,TRUE,704,Not on outside of blind curve,Pedestrian,TRUE,was walking along the road on the inside edge of a blind corner
705 Wheeled ped inconsiderate or dangerous on footpath,4,TRUE,705,Wheeled ped inconsiderate or dangerous on footpath,Pedestrian,TRUE,was a wheeled pedestrian behaving inconsiderately or dangerously on the footpath
710 Crossing road,4,TRUE,710,Crossing road,Pedestrian,TRUE,was crossing the road
711 Walking heedless of traffic,4,TRUE,711,Walking heedless of traffic,Pedestrian,TRUE,"was crossing the road, heedless of traffic"
712 Stepping out from behind vehicles,4,TRUE,712,Stepping out from behind vehicles,Pedestrian,TRUE,stepped out from behind parked vehicles
713 Running heedless of traffic,4,TRUE,713,Running heedless of traffic,Pedestrian,TRUE,ran across the road heedless of traffic
714 Failed to use pedestrian crossing when one within 20 metres,4,TRUE,714,Failed to use pedestrian crossing when one within 20 metres,Pedestrian,TRUE,failed to use the pedestrian crossing less than 20 metres away
715 Waiting on roadway for moving traffic,4,TRUE,715,Waiting on roadway for moving traffic,Pedestrian,TRUE,was waiting on the roadway waiting for moving traffic to subside
716 Confused by traffic or stepped back,4,TRUE,716,Confused by traffic or stepped back,Pedestrian,TRUE,"was confused by the traffic, or stepped back"
717 Suddenly stepped onto pedestrian crossing,4,TRUE,717,Suddenly stepped onto pedestrian crossing,Pedestrian,TRUE,stepped out suddenly onto the pedestrian crossing
718 Not complying with traffic signals or school patrols,4,TRUE,718,Not complying with traffic signals or school patrols,Pedestrian,TRUE,did not comply with traffic signals or a school patrol
719 Misjudged speed and / or distance of vehicle,4,TRUE,719,Misjudged speed and / or distance of vehicle,Pedestrian,TRUE,misjudged the speed and/or distance of a vehicle
720 Miscellaneous,4,TRUE,720,Miscellaneous,Pedestrian,TRUE,did something miscellaneous that contributed to the accident
"721 Pushing, working on or unloading vehicle",4,TRUE,721,"Pushing, working on or unloading vehicle",Pedestrian,TRUE,"was pushing, working on or unloading a vehicle"
722 Playing on road or unnecessarily on road,4,TRUE,722,Playing on road or unnecessarily on road,Pedestrian,TRUE,"was playing on the road, or was there unnecessarily"
723 Working on road,4,TRUE,723,Working on road,Pedestrian,TRUE,was working on the road
724 Wearing dark clothing,4,TRUE,724,Wearing dark clothing,Pedestrian,TRUE,was wearing dark clothing
725 Vision obscured by umbrella or clothing,4,TRUE,725,Vision obscured by umbrella or clothing,Pedestrian,TRUE,had their vision obscured by an umbrella or their clothing
726 Child escaped from supervision,4,TRUE,726,Child escaped from supervision,Pedestrian,TRUE,was a child that had escaped from supervision
727 Unsupervised child,4,TRUE,727,Unsupervised child,Pedestrian,TRUE,was an unsupervised child
728 Sitting / lying on road,4,TRUE,728,Sitting / lying on road,Pedestrian,TRUE,was sitting or lying on the road
729 Pedestrian to /from school bus,4,TRUE,729,Pedestrian to /from school bus,Pedestrian,TRUE,was moving to or from a school bus (the speed limit past stationary school buses on either side of the street is 20 km/h)
730 Pedestrian behind reversing / manoeuvring vehicle,4,TRUE,730,Pedestrian behind reversing / manoeuvring vehicle,Pedestrian,TRUE,was behind a reversing or otherwise manoeuvring vehicle
731 Overseas pedestrian,4,TRUE,731,Overseas pedestrian,Pedestrian,TRUE,was visiting from overseas
"732 Pedestrian attention diverted e.g. cigarette, cell phone, music player",4,TRUE,732,"Pedestrian attention diverted e.g. cigarette, cell phone, music player",Pedestrian,TRUE,had their attention diverted by a cigarette/phone/music/etc.
800 Slippery,4,TRUE,800,Slippery,Road,FALSE,Conditions were slippery
801 Rain,4,TRUE,801,Rain,Road,FALSE,It was raining
802 Frost or ice,4,TRUE,802,Frost or ice,Road,FALSE,It was frosty or icy
803 Snow or hail,4,TRUE,803,Snow or hail,Road,FALSE,It was snowing or hailing
804 Loose material on seal,4,TRUE,804,Loose material on seal,Road,FALSE,"There was loose material on the seal, so it was slippery"
805 Mud,4,TRUE,805,Mud,Road,FALSE,There was mud
806 Oil / Diesel / Fuel,4,TRUE,806,Oil / Diesel / Fuel,Road,FALSE,The conditions were slippery due to oil/diesel/fuel on the road
807 Painted markings,4,TRUE,807,Painted markings,Road,FALSE,Painted markings made the road slippery
808 Recently graded,4,TRUE,808,Recently graded,Road,FALSE,The road was slippery as it had been recently graded
809 Surface bleeding / defective,4,TRUE,809,Surface bleeding / defective,Road,FALSE,The road was slippery as the surface was bleeding or defective
810 Surface,4,TRUE,810,Surface,Road,FALSE,There was an issue with the road surface
811 Potholed,4,TRUE,811,Potholed,Road,FALSE,The road surface was potholed
812 Uneven,4,TRUE,812,Uneven,Road,FALSE,The road surface was uneven
813 Deep loose metal,4,TRUE,813,Deep loose metal,Road,FALSE,"The road was composed of deep, loose metal"
814 High crown,4,TRUE,814,High crown,Road,FALSE,The road had a high crown
815 Curve not well banked,4,TRUE,815,Curve not well banked,Road,FALSE,The road curve was not well banked
816 Edge badly defined or gave way,4,TRUE,816,Edge badly defined or gave way,Road,FALSE,The edge of the road was poorly defined or gave way
817 Under construction or maintenance,4,TRUE,817,Under construction or maintenance,Road,FALSE,The road was under construction or was being maintained
818 Unusually narrow,4,TRUE,818,Unusually narrow,Road,FALSE,The road was unusually narrow
819 Broken glass,4,TRUE,819,Broken glass,Road,FALSE,There was broken glass on the road
820 Obstructed,4,TRUE,820,Obstructed,Road,FALSE,A clear view of the road surface was not possible as it was obstructed
821 Fallen tree or branch,4,TRUE,821,Fallen tree or branch,Road,FALSE,The road surface could not be seen due to a fallen tree or branch
822 Slip or subsidence,4,TRUE,822,Slip or subsidence,Road,FALSE,The road surface could not be seen due to a slip or subsidence
"823 Flood waters, large puddles, ford",4,TRUE,823,"Flood waters, large puddles, ford",Road,FALSE,"The road surface could not be seen due to flood waters, a large puddle, or a ford"
824 Road works not adequately lighted,4,TRUE,824,Road works not adequately lighted,Road,FALSE,Road works were not adequately lit
825 Road works not adequately signposted,4,TRUE,825,Road works not adequately signposted,Road,FALSE,Road works were not adequately signposted
826 Roadside object fell on vehicle,4,TRUE,826,Roadside object fell on vehicle,Road,FALSE,A roadside object fell on a vehicle
827 Object flicked up by vehicle,4,TRUE,827,Object flicked up by vehicle,Road,FALSE,An object was flicked up by a vehicle
830 Visibility limited,4,TRUE,830,Visibility limited,Road,FALSE,Visibility on the road was limited
831 Curve,4,TRUE,831,Curve,Road,FALSE,Visibility was limited on a curve
832 Crest,4,TRUE,832,Crest,Road,FALSE,Visibility was limited due to a crest in the road
833 Building,4,TRUE,833,Building,Road,FALSE,Visibility was limited due to a building
834 Trees,4,TRUE,834,Trees,Road,FALSE,Trees were limiting visibility on the road
835 Hedge or fence,4,TRUE,835,Hedge or fence,Road,FALSE,A hedge or fence prevented adequate visibility
836 Scrub or long grass,4,TRUE,836,Scrub or long grass,Road,FALSE,Scrub or long grass prevented adequate visibility
837 Bank,4,TRUE,837,Bank,Road,FALSE,A bank prevented adequate visibility
"838 Temporary obstruction, dust or smoke",4,TRUE,838,"Temporary obstruction, dust or smoke",Road,FALSE,"A temporary obstruction, dust, or smoke affected visibility"
839 Parked vehicle,4,TRUE,839,Parked vehicle,Road,FALSE,A parked vehicle reduced visibility
840 Signs and signals,4,TRUE,840,Signs and signals,Road,FALSE,There was an issue with signs and/or signals
"841 Damaged, removed or malfunction",4,TRUE,841,"Damaged, removed or malfunction",Road,FALSE,"Road signs or signals were damaged, removed, or malfunctioned"
842 Badly located,4,TRUE,842,Badly located,Road,FALSE,Road signs or signals were poorly located
843 Ineffective or inadequate,4,TRUE,843,Ineffective or inadequate,Road,FALSE,Road signs or signals were ineffective or inadequate
844 Necessary,4,TRUE,844,Necessary,Road,FALSE,Road signs or signals were necessary
845 Signals turned off,4,TRUE,845,Signals turned off,Road,FALSE,Road signals were turned off
850 Markings,4,TRUE,850,Markings,Road,FALSE,There was an issue with road markings
851 Faded,4,TRUE,851,Faded,Road,FALSE,Road markings were faded
852 Difficult to see under weather conditions,4,TRUE,852,Difficult to see under weather conditions,Road,FALSE,Road markings were difficult to see given the weather conditions
853 Markings necessary,4,TRUE,853,Markings necessary,Road,FALSE,Road markings were necessary
854 Not visible due to geometry or vehicles,4,TRUE,854,Not visible due to geometry or vehicles,Road,FALSE,Road markings were not visible due to geometry or due to other vehicles
855 Old markings not adequately removed,4,TRUE,855,Old markings not adequately removed,Road,FALSE,Old road markings had not been adequately removed
860 Street lighting,4,TRUE,860,Street lighting,Road,FALSE,There was an issue with street lighting
861 Failed,4,TRUE,861,Failed,Road,FALSE,Street lighting failed
862 Inadequate,4,TRUE,862,Inadequate,Road,FALSE,Street lighting was inadequate
863 Glare on wet road,4,TRUE,863,Glare on wet road,Road,FALSE,Street lighting was causing glare on the wet road
864 Pedestrian crossing not adequately lighted,4,TRUE,864,Pedestrian crossing not adequately lighted,Road,FALSE,The pedestrian crossing was not adequately lit
870 Raised islands and roundabouts,4,TRUE,870,Raised islands and roundabouts,Road,FALSE,There was an issue with raised traffic islands or a roundabout
871 Traffic island(s) difficult to see,4,TRUE,871,Traffic island(s) difficult to see,Road,FALSE,The raised traffic island was difficult to see
"872 Traffic island(s) Ineffective, badly located or designed",4,TRUE,872,"Traffic island(s) Ineffective, badly located or designed",Road,FALSE,"The raised traffic island was ineffective, poorly located, or poorly designed"
873 Cyclist squeeze point,4,TRUE,873,Cyclist squeeze point,Road,FALSE,There was a cyclist pinch point preventing motorists from giving cyclists 1.5 metres
900 Weather,4,TRUE,900,Weather,Miscellaneous,FALSE,The weather was shit
901 Heavy rain,4,TRUE,901,Heavy rain,Miscellaneous,FALSE,There was heavy rain
902 Dazzling sun,4,TRUE,902,Dazzling sun,Miscellaneous,FALSE,The sun was dazzling
903 Strong wind,4,TRUE,903,Strong wind,Miscellaneous,FALSE,There was strong wind
904 Fog or mist,4,TRUE,904,Fog or mist,Miscellaneous,FALSE,There was fog or mist
"905 Snow, sleet or hail",4,TRUE,905,"Snow, sleet or hail",Miscellaneous,FALSE,"There was snow, sleet or hail"
910 Animals,4,TRUE,910,Animals,Miscellaneous,FALSE,An animal contributed to the accident
911 Household pet rushed out or playing,4,TRUE,911,Household pet rushed out or playing,Miscellaneous,FALSE,"A pet rushed out, or was playing on the road"
912 Farm animal straying,4,TRUE,912,Farm animal straying,Miscellaneous,FALSE,There was a stray farm animal
"913 Farm animal attended, but inadequate warning or unexpected",4,TRUE,913,"Farm animal attended, but inadequate warning or unexpected",Miscellaneous,FALSE,"There was a farm animal being attended to, but there was inadequate warning or something unexpected happened"
"914 Farm animal attended, but out of control",4,TRUE,914,"Farm animal attended, but out of control",Miscellaneous,FALSE,"There was a farm animal being attended to, but it was out of control"
915 Wild animal,4,TRUE,915,Wild animal,Miscellaneous,FALSE,There was a wild animal
920 Entering or leaving land use,4,TRUE,920,Entering or leaving land use,Miscellaneous,FALSE,There was a change of land use
921 Roadside stall,4,TRUE,921,Roadside stall,Miscellaneous,FALSE,It occurred while entering or leaving the parking area of a roadside stall
922 Service station,4,TRUE,922,Service station,Miscellaneous,FALSE,It occurred while entering or leaving the forecourt of a service station
923 Specialised liquor outlet,4,TRUE,923,Specialised liquor outlet,Miscellaneous,FALSE,It occurred while entering or leaving the parking area of a liquor outlet
924 Take away foods,4,TRUE,924,Take away foods,Miscellaneous,FALSE,It occurred while entering or leaving the parking area of a takeaway food store
925 Shopping complex,4,TRUE,925,Shopping complex,Miscellaneous,FALSE,It occurred while entering or leaving the parking area of a shopping complex
926 Car parking building / area,4,TRUE,926,Car parking building / area,Miscellaneous,FALSE,It occurred while entering or leaving a car parking building or lot
927 Other commercial,4,TRUE,927,Other commercial,Miscellaneous,FALSE,It occurred while entering or leaving a commercial area
928 Industrial site,4,TRUE,928,Industrial site,Miscellaneous,FALSE,It occurred while entering or leaving an industrial area
929 Private house / farm,4,TRUE,929,Private house / farm,Miscellaneous,FALSE,It occurred while entering or leaving a private house or farm
930 Other non-commercial,4,TRUE,930,Other non-commercial,Miscellaneous,FALSE,It occurred while entering or leaving a non-commercial area
931 Mobile shop or vendor,4,TRUE,931,Mobile shop or vendor,Miscellaneous,FALSE,It occurred while entering or leaving the parking area for a mobile shop or vendor
970 Unconverted old codes,4,TRUE,970,Unconverted old codes,Miscellaneous,FALSE,FALSE
977 Old 920: Equestrian,4,TRUE,977,Old 920: Equestrian,Miscellaneous,FALSE,FALSE
978 Old 950: Miscellaneous,4,TRUE,978,Old 950: Miscellaneous,Miscellaneous,FALSE,FALSE
979 Old 960: Special Codes,4,TRUE,979,Old 960: Special Codes,Miscellaneous,FALSE,FALSE
981 Old 131: Swinging wide on bend or intersection,4,TRUE,981,Old 131: Swinging wide on bend or intersection,Miscellaneous,TRUE,swung wide on a bend or intersection
982 Old 138: Lost control - head on collision,4,TRUE,982,Old 138: Lost control - head on collision,Miscellaneous,TRUE,lost control in a head-on collision
983 Old 147: When changing lanes,4,TRUE,983,Old 147: When changing lanes,Miscellaneous,TRUE,lost control when changing lanes
984 Old 157: Cut in,4,TRUE,984,Old 157: Cut in,Miscellaneous,TRUE,cut in
985 Old 188: At steady red/amber arrows,4,TRUE,985,Old 188: At steady red/amber arrows,Miscellaneous,TRUE,lost control at red or amber arrows
986 Old 225: Wrong way in one way street or other forbidden movement,4,TRUE,986,Old 225: Wrong way in one way street or other forbidden movement,Miscellaneous,TRUE,went the wrong way up a one-way street or made some other forbidden movement
987 Old 235: Misjudged speed of other vehicle,4,TRUE,987,Old 235: Misjudged speed of other vehicle,Miscellaneous,TRUE,misjudged the speed of another vehicle
"988 Old 236: Misjudged distance, size or position of vehicle",4,TRUE,988,"Old 236: Misjudged distance, size or position of vehicle",Miscellaneous,TRUE,"misjudged the distance to, size, or position of a vehicle"
989 Old 238: In controlling skid,4,TRUE,989,Old 238: In controlling skid,Miscellaneous,TRUE,was not able to regain control during a skid
990 Old 273: Defective vision or illness (not sudden),4,TRUE,990,Old 273: Defective vision or illness (not sudden),Miscellaneous,TRUE,had pre-existing poor vision or an illness
991 Old 503: In face of traffic,4,TRUE,991,Old 503: In face of traffic,Miscellaneous,TRUE,had poor vision in the face of traffic
992 Old 504: Opened door in path of another party,4,TRUE,992,Old 504: Opened door in path of another party,Miscellaneous,TRUE,opened their door in the path of someone
993 Old 512: Interfered with driver or overloaded vehicle,4,TRUE,993,Old 512: Interfered with driver or overloaded vehicle,Miscellaneous,TRUE,had a passenger interfere with the driver
994 Old 737: Physical defect or old age,4,TRUE,994,Old 737: Physical defect or old age,Miscellaneous,TRUE,had a physical disability or was elderly
995 Old 738: Unattended child,4,TRUE,995,Old 738: Unattended child,Miscellaneous,TRUE,had an unattended child (or children)
996 Old 952: Suicide,4,TRUE,996,Old 952: Suicide,Miscellaneous,TRUE,committed suicide
997 Old 400: Specific cyclist faults,4,TRUE,997,Old 400: Specific cyclist faults,Miscellaneous,TRUE,did something miscellaneous wrong
998 Old 930: Bicycle faults,4,TRUE,998,Old 930: Bicycle faults,Miscellaneous,TRUE,had a faulty bicycle
